SubscriptionID,CustomerID,ProductID,StartDate,EndDate,MonthlyFee,Status
S00001,C0205,P030,2024-11-13,,19.99,Active
S00002,C0177,P014,2023-06-10,,29.99,Active
S00003,C0634,P014,2023-11-11,,29.99,Active
S00004,C0250,P014,2025-01-10,,29.99,Active
S00005,C0853,P028,2025-10-20,,29.99,Active
S00006,C0307,P004,2025-11-16,2026-08-21,79.99,Churned
S00007,C0476,P026,2025-06-14,,49.99,Active
S00008,C0519,P013,2025-07-12,2026-03-28,19.99,Churned
S00009,C0298,P007,2024-10-29,,49.99,Active
S00010,C0744,P001,2023-04-12,,149.99,Active
S00011,C0962,P001,2024-10-20,,149.99,Active
S00012,C0042,P017,2024-09-27,2025-04-02,149.99,Churned
S00013,C0710,P019,2025-04-23,,19.99,Active
S00014,C0671,P027,2023-11-13,,99.99,Active
S00015,C0331,P011,2024-11-10,,79.99,Active
S00016,C0177,P009,2025-08-24,,49.99,Active
S00017,C0560,P010,2024-01-15,,149.99,Active
S00018,C0671,P008,2025-10-19,,79.99,Active
S00019,C0629,P004,2023-10-23,2024-03-07,79.99,Churned
S00020,C0756,P008,2024-11-09,,79.99,Active
S00021,C0663,P023,2023-08-02,2023-10-28,79.99,active
S00022,C0149,P025,2023-01-21,,19.99,Active
S00023,C0347,P026,2025-07-22,,49.99,Active
S00024,C0326,P004,2025-12-16,,79.99,Active
S00025,C0231,P026,2025-03-05,,49.99,Active
S00026,C0753,P017,2024-02-28,,149.99,Active
S00027,C0953,P022,2025-03-23,2026-04-02,19.99,Churned
S00028,C0208,P018,2023-03-18,,99.99,Active
S00029,C0295,P029,2024-11-06,,49.99,Active
S00030,C0612,P024,2023-11-01,,79.99,Active
S00031,C0585,P028,2024-09-18,,29.99,Active
S00032,C0678,P028,2023-02-07,,29.99,Active
S00033,C0414,P016,2024-06-06,,49.99,Active
S00034,C0412,P003,2023-11-15,2025-02-11,79.99,Churned
S00035,C0533,P017,2024-04-17,,149.99,Active
S00036,C0557,P015,2024-10-19,,49.99,Active
S00037,C0295,P022,2024-10-27,,19.99,Active
S00038,C0048,P024,2023-11-12,,79.99,Active
S00039,C0438,P019,2025-08-16,,19.99,Active
S00040,C0227,P003,2025-07-08,,79.99,Active
S00041,C0980,P003,2024-11-26,,79.99,Active
S00042,C0443,P017,2024-12-06,,149.99,Active
S00043,C0927,P001,2025-08-24,2026-07-17,149.99,Churned
S00044,C0618,P024,2023-03-31,,79.99,Active
S00045,C0059,P008,2024-04-08,,79.99,Active
S00046,C0974,P013,2023-06-15,,19.99,Active
S00047,C0072,P013,2025-01-05,,19.99,Active
S00048,C0108,P022,2024-06-23,,19.99,Active
S00049,C0049,P006,2024-03-06,2025-02-06,19.99,Churned
S00050,C0784,P002,2024-02-18,,29.99,Active
S00051,C0822,P007,2025-04-26,,49.99,Active
S00052,C0581,P030,2024-04-23,,19.99,Active
S00053,C0985,P027,2023-05-25,,99.99,Active
S00054,C0445,P006,2024-02-01,,19.99,Active
S00055,C0961,P007,2025-02-16,2026-05-23,49.99,Churned
S00056,C0159,P004,2025-05-11,,,Active
S00057,C0747,P016,2023-01-17,,49.99,Active
S00058,C0126,P004,2023-02-19,,79.99,Active
S00059,C0210,P029,2023-10-10,2024-05-11,49.99,Churned
S00060,C0658,P021,2025-07-04,,49.99,Active
S00061,C0583,P027,2025-01-22,,99.99,Active
S00062,C0362,P007,2024-07-21,2025-06-01,49.99,Churned
S00063,C0165,P030,2024-09-27,2025-05-14,19.99,Churned
S00064,C0371,P026,2025-08-12,,49.99,Active
S00065,C0864,P006,2025-04-01,,19.99,Active
S00066,C0585,P025,2023-01-17,,19.99,Active
S00067,C0643,P006,2025-11-25,2026-08-24,19.99,Churned
S00068,C0546,P003,2023-04-27,,79.99,Active
S00069,C0543,P026,2023-07-01,,49.99,Active
S00070,C0750,P006,2023-05-17,2024-05-04,19.99,Churned
S00071,C0855,P018,2023-03-01,2023-05-19,99.99,Churned
S00072,C0098,P026,2023-03-11,2024-02-26,49.99,Churned
S00073,C0537,P003,2024-04-01,2024-12-13,79.99,Churned
S00074,C0840,P024,2023-03-05,,79.99,Active
S00075,C0543,P024,2025-09-05,2026-07-04,79.99,Churned
S00076,C0964,P021,2024-12-05,,49.99,Active
S00077,C0105,P016,2025-06-27,2025-10-21,49.99,Churned
S00078,C0099,P030,2023-04-21,2023-11-12,19.99,Churned
S00079,C0065,P010,2023-03-17,2024-07-27,149.99,Churned
S00080,C0801,P024,2025-08-27,,79.99,Active
S00081,C0997,P010,2024-03-30,,149.99,Active
S00082,C0907,P005,2023-10-31,2024-02-27,79.99,Churned
S00083,C0681,P023,2025-09-12,,79.99,Active
S00084,C0489,P029,2025-09-26,,49.99,Active
S00085,C0613,P002,2025-10-02,,29.99,Active
S00086,C0239,P022,2023-02-02,2024-01-09,19.99,Churned
S00087,C0307,P027,2024-02-03,,99.99,Active
S00088,C0681,P001,2023-07-21,2024-03-17,149.99,Churned
S00089,C0969,P002,2025-11-30,,29.99,Active
S00090,C0758,P012,2023-11-18,2024-12-16,49.99,Churned
S00091,C9999,P003,2023-12-24,,79.99,Active
S00092,C0610,P023,2024-06-26,,79.99,Active
S00093,C0018,P002,2025-01-19,2025-04-24,29.99,Churned
S00094,C0344,P023,2024-01-13,,79.99,Active
S00095,C0932,P021,2024-03-30,,49.99,Active
S00096,C0837,P019,2024-12-09,2025-07-11,19.99,Churned
S00097,C0816,P025,2023-06-23,,19.99,Active
S00098,C0876,P030,2024-08-02,,19.99,Active
S00099,C0365,P002,2025-01-29,,29.99,Active
S00100,C0708,P011,2025-03-07,,79.99,Active
S00101,C0383,P030,2025-08-06,,19.99,Active
S00102,C0995,P004,2025-08-10,,79.99,Active
S00103,C0091,P023,2025-06-12,2026-08-08,79.99,Churned
S00104,C0812,P030,2024-05-24,2024-09-12,19.99,Churned
S00105,C0691,P011,2023-05-26,,79.99,Active
S00106,C0898,P024,2023-04-23,,79.99,Active
S00107,C0626,P019,2025-09-24,,19.99,Active
S00108,C0572,P012,2025-09-06,,49.99,Active
S00109,C0414,P021,2025-04-16,,49.99,Active
S00110,C0616,P016,2024-01-09,,49.99,Active
S00111,C0727,P024,2025-07-02,,79.99,Active
S00112,C0338,P023,2025-06-16,,79.99,Active
S00113,C0514,P020,2025-01-16,,79.99,Active
S00114,C0492,P016,2024-10-26,,49.99,Active
S00115,C0794,P013,2023-08-11,,19.99,Active
S00116,C0315,P013,2024-07-09,2025-07-10,19.99,Churned
S00117,C0480,P022,2023-05-07,,19.99,Active
S00118,C0174,P015,2023-06-24,,49.99,Active
S00119,C0729,P008,2024-01-14,2024-10-31,79.99,Churned
S00120,C0391,P021,2025-08-30,,49.99,Active
S00121,C0299,P011,2024-12-19,2022-01-01,79.99,Active
S00122,C0232,P003,2025-09-26,,79.99,Active
S00123,C0874,P027,2024-06-04,,99.99,Active
S00124,C0273,P012,2025-10-29,,49.99,Active
S00125,C0333,P020,2024-09-16,,79.99,Active
S00126,C0106,P027,2025-02-13,,99.99,Active
S00127,C0942,P022,2023-04-21,2024-04-14,19.99,Churned
S00128,C0995,P026,2025-08-07,,49.99,Active
S00129,C0962,P008,2024-04-14,2024-07-02,79.99,Churned
S00130,C0842,P018,2024-12-28,,99.99,Active
S00131,C0514,P029,2023-10-05,,49.99,Active
S00132,C0571,P001,2023-11-13,2024-10-22,149.99,Churned
S00133,C0992,P021,2024-09-29,2025-04-23,49.99,Churned
S00134,C0469,P022,2023-05-17,,19.99,Active
S00135,C0129,P019,2024-12-01,,19.99,Active
S00136,C0577,P004,2024-06-04,,79.99,Active
S00137,C0155,P004,2024-06-09,,79.99,Active
S00138,C0440,P006,2023-01-23,,19.99,Active
S00139,C0713,P007,2023-12-09,,49.99,Active
S00140,C0495,P024,2025-02-22,,79.99,Active
S00141,C0960,P012,2023-02-16,,49.99,Active
S00142,C0479,P005,2025-03-26,,79.99,Active
S00143,C0843,P004,2025-11-29,,79.99,Active
S00144,C0322,P016,2024-08-12,,49.99,Active
S00145,C0848,P021,2025-05-04,,49.99,Active
S00146,C0143,P026,2024-05-07,,49.99,Active
S00147,C0530,P007,2025-07-05,,49.99,Active
S00148,C0703,P005,2025-05-10,,79.99,Active
S00149,C0798,P009,2025-08-27,,49.99,Active
S00150,C0137,P019,2024-09-30,,19.99,Active
S00151,C0293,P022,2025-11-23,,19.99,Active
S00152,C0554,P016,2024-08-30,,49.99,Active
S00153,C0273,P017,2024-10-16,2026-01-07,149.99,Churned
S00154,C0778,P024,2025-08-13,,79.99,Active
S00155,C0534,P014,2025-02-11,2025-04-16,29.99,Churned
S00156,C0822,P010,2023-12-09,,149.99,Active
S00157,C0562,P016,2025-06-20,2026-05-29,49.99,Churned
S00158,C0878,P008,2023-02-20,2024-01-27,79.99,Churned
S00159,C0248,P026,2023-12-07,,49.99,Active
S00160,C0095,P009,2023-09-08,,49.99,Active
S00161,C0553,P018,2024-03-09,,99.99,Active
S00162,C0966,P026,2023-09-09,,49.99,Active
S00163,C0693,P024,2023-06-12,2024-09-06,79.99,Churned
S00164,C0038,P015,2023-10-18,,49.99,Active
S00165,C0539,P021,2024-08-07,,49.99,Active
S00166,C0369,P028,2024-01-17,,29.99,Active
S00167,C0507,P014,2025-07-04,,29.99,Active
S00168,C0046,P007,2024-12-06,,49.99,Active
S00169,C0085,P003,2024-04-08,,79.99,Active
S00170,C0669,P026,2023-01-16,,49.99,Active
S00171,C0984,P015,2023-06-24,,49.99,Active
S00172,C0311,P007,2023-09-22,2024-01-20,49.99,Churned
S00173,C0287,P011,2024-11-13,2025-05-22,79.99,Churned
S00174,C0386,P012,2023-02-21,,49.99,Active
S00175,C0476,P030,2023-07-16,,19.99,Active
S00176,C0969,P021,2025-04-11,,49.99,Active
S00177,C0836,P005,2023-01-15,,79.99,Active
S00178,C0666,P005,2024-08-16,2025-07-11,79.99,Churned
S00179,C0337,P019,2025-01-03,,19.99,Active
S00180,C0571,P002,2024-03-19,2024-10-31,29.99,Churned
S00181,C0954,P015,2024-12-11,,49.99,Active
S00182,C0109,P021,2025-11-25,2026-08-14,49.99,Churned
S00183,C0092,P012,2025-04-21,2026-03-02,49.99,Churned
S00184,C0064,P026,2024-01-29,,49.99,Active
S00185,C0819,P003,2023-05-11,,79.99,Active
S00186,C0555,P005,2024-07-14,,79.99,Active
S00187,C0061,P019,2024-12-21,2025-08-05,19.99,Churned
S00188,C0783,P003,2025-07-31,2026-08-10,79.99,Churned
S00189,C0921,P001,2023-07-07,,149.99,Active
S00190,C0627,P022,2023-03-06,,19.99,Active
S00191,C0446,P025,2024-07-19,2025-08-10,19.99,Churned
S00192,C0464,P030,2024-07-22,,19.99,Active
S00193,C0894,P020,2025-08-24,2025-12-08,79.99,Churned
S00194,C0872,P024,2023-06-16,,79.99,Active
S00195,C0569,P028,2023-08-15,,29.99,Active
S00196,C0174,P002,2024-05-16,,29.99,Active
S00197,C0277,P001,2025-10-03,2026-08-18,149.99,Churned
S00198,C0913,P006,2023-11-10,,19.99,Active
S00199,C0824,P013,2024-03-20,,19.99,Active
S00200,C0454,P023,2025-05-07,2026-06-15,79.99,Churned
S00201,C0529,P014,2024-03-03,,29.99,Active
S00202,C0573,P003,2023-12-16,,79.99,Active
S00203,C0267,P022,2024-04-20,,19.99,Active
S00204,C0055,P026,2025-04-27,,49.99,Active
S00205,C0226,P011,2023-02-12,,79.99,Active
S00206,C0660,P018,2023-09-18,2024-11-06,99.99,Churned
S00207,C0741,P020,2025-08-25,,79.99,Active
S00208,C0404,P028,2024-03-17,,29.99,Active
S00209,C0955,P027,2023-12-05,,99.99,Active
S00210,C0487,P001,2023-11-14,,149.99,Active
S00211,C0334,P028,2023-03-24,,29.99,Active
S00212,C0051,P001,2023-07-21,2023-11-11,149.99,Churned
S00213,C0524,P022,2024-11-19,,19.99,Active
S00214,C0889,P003,2023-04-29,,79.99,Active
S00215,C0857,P006,2023-02-06,,19.99,Active
S00216,C0662,P003,2025-11-02,2026-02-12,79.99,Churned
S00217,C0521,P015,2023-04-30,,49.99,Active
S00218,C0242,P002,2025-03-13,,29.99,Active
S00219,C0052,P004,2023-02-25,,79.99,Active
S00220,C0617,P006,2025-12-05,,19.99,Active
S00221,C0429,P002,2023-03-02,,29.99,Active
S00222,C0538,P012,2023-06-03,,49.99,Active
S00223,C0747,P006,2024-08-25,2025-10-30,19.99,Churned
S00224,C0724,P013,2025-08-29,2026-08-31,19.99,Churned
S00225,C0130,P002,2024-02-09,,29.99,Active
S00226,C0617,P003,2024-07-21,,79.99,Active
S00227,C0383,P007,2025-11-13,,49.99,Active
S00228,C0074,P023,2024-06-03,,79.99,Active
S00229,C0387,P016,2025-08-07,,49.99,Active
S00230,C0230,P002,2024-07-04,,29.99,Active
S00231,C0365,P006,2024-01-11,,19.99,Active
S00232,C0248,P010,2024-07-13,,149.99,Active
S00233,C0245,P029,2024-08-11,,49.99,Active
S00234,C0104,P009,2024-01-02,2024-12-09,49.99,Churned
S00235,C0294,P008,2023-10-30,,79.99,Active
S00236,C0330,P009,2025-11-18,,49.99,Active
S00237,C0869,P006,2023-06-28,,19.99,Active
S00238,C0446,P023,2023-06-22,,79.99,Active
S00239,C0465,P020,2023-10-20,,79.99,Active
S00240,C0613,P012,2025-04-30,,49.99,Active
S00241,C0734,P028,2025-06-17,2026-07-04,29.99,Churned
S00242,C0290,P022,2023-08-08,,19.99,Active
S00243,C0359,P026,2024-04-09,,49.99,Active
S00244,C0549,P014,2024-07-16,,29.99,Active
S00245,C0044,P010,2025-10-21,,149.99,Active
S00246,C0006,P017,2025-10-10,,149.99,Active
S00247,C0342,P009,2025-09-07,,49.99,Active
S00248,C0640,P019,2025-03-19,,19.99,Active
S00249,C0461,P001,2025-02-07,2025-09-28,149.99,Churned
S00250,C0425,P017,2024-03-07,,149.99,Active
S00251,C0784,P013,2023-09-05,,19.99,Active
S00252,C0991,P018,2024-01-31,,99.99,Active
S00253,C0994,P013,2023-01-25,,19.99,Active
S00254,C0037,P012,2025-06-11,,49.99,Active
S00255,C0686,P006,2023-04-08,,19.99,Active
S00256,C0729,P004,2023-10-16,,79.99,Active
S00257,C0782,P019,2023-02-22,,19.99,Active
S00258,C0840,P027,2023-08-03,,99.99,Active
S00259,C0770,P002,2023-04-28,2023-12-26,29.99,Churned
S00260,C0606,P005,2025-12-12,2026-08-31,79.99,Churned
S00261,C0052,P016,2024-04-09,,49.99,Active
S00262,C0499,P015,2023-07-24,,49.99,Active
S00263,C0844,P021,2024-03-02,,49.99,Active
S00264,C0396,P028,2023-02-04,2023-11-19,29.99,Churned
S00265,C0033,P015,2025-04-04,,49.99,Active
S00266,C0632,P018,2025-09-20,,99.99,Active
S00267,C0248,P020,2024-08-09,,79.99,Active
S00268,C0377,P006,2024-08-16,,19.99,Active
S00269,C0437,P028,2023-08-26,,29.99,Active
S00270,C0047,P005,2024-09-14,,79.99,Active
S00271,C0510,P026,2024-06-18,,49.99,Active
S00272,C0228,P014,2024-05-31,2025-02-05,29.99,Churned
S00273,C0960,P015,2025-11-25,,49.99,Active
S00274,C0819,P014,2024-01-23,,29.99,Active
S00275,C0623,P013,2025-06-27,2026-06-16,19.99,Churned
S00276,C0497,P017,2025-11-28,,149.99,Active
S00277,C0641,P013,2023-02-10,2023-06-12,19.99,Churned
S00278,C0168,P016,2023-04-11,2024-03-13,49.99,Churned
S00279,C0964,P011,2024-11-08,,79.99,Active
S00280,C0175,P025,2023-07-22,,19.99,Active
S00281,C0205,P010,2024-01-28,2024-12-08,149.99,Churned
S00282,C0920,P030,2024-12-16,,19.99,Active
S00283,C0950,P015,2025-02-23,2025-08-09,49.99,Churned
S00284,C0450,P005,2024-12-25,,79.99,Active
S00285,C0055,P022,2024-05-13,2024-10-01,19.99,Churned
S00286,C0075,P005,2025-05-31,,79.99,Active
S00287,C0169,P001,2025-06-14,,149.99,Active
S00288,C0462,P019,2024-10-15,,19.99,Active
S00289,C0070,P002,2024-03-09,,29.99,Active
S00290,C0728,P020,2024-12-23,2025-08-25,79.99,Churned
S00291,C0060,P012,2025-04-26,,49.99,Active
S00292,C0757,P012,2024-05-21,2024-08-27,49.99,Churned
S00293,C0195,P017,2025-05-08,2026-02-14,149.99,Churned
S00294,C0269,P011,2024-02-13,,79.99,Active
S00295,C0891,P028,2025-10-18,2026-08-02,29.99,Churned
S00296,C0644,P004,2023-05-05,2024-06-18,79.99,Churned
S00297,C0935,P020,2025-04-20,2025-10-19,79.99,Churned
S00298,C0817,P007,2025-10-26,,49.99,Active
S00299,C0500,P019,2023-06-28,2024-08-31,19.99,Churned
S00300,C0089,P003,2025-02-01,2025-05-02,79.99,Churned
S00301,C0350,P002,2025-02-19,,29.99,Active
S00302,C0324,P026,2023-02-15,,49.99,Active
S00303,C0953,P005,2025-01-31,,79.99,Active
S00304,C0066,P016,2024-01-21,,49.99,Active
S00305,C0707,P020,2024-10-22,,79.99,Active
S00306,C0239,P012,2025-03-21,,49.99,Active
S00307,C0866,P019,2024-10-19,,19.99,Active
S00308,C0850,P026,2025-04-02,,49.99,Active
S00309,C0580,P003,2023-10-02,,79.99,Active
S00310,C0081,P029,2023-10-23,,49.99,Active
S00311,C0510,P026,2025-03-31,,49.99,Active
S00312,C0266,P013,2024-09-09,,19.99,Active
S00313,C0337,P018,2025-02-24,2026-07-07,99.99,Churned
S00314,C0906,P003,2025-08-26,,79.99,Active
S00315,C0412,P009,2025-08-22,2026-07-28,49.99,Churned
S00316,C0420,P022,2024-07-06,,19.99,Active
S00317,C0495,P028,2025-04-29,2025-08-12,29.99,Churned
S00318,C0764,P012,2024-04-21,,49.99,Active
S00319,C0884,P015,2024-01-19,2024-08-10,49.99,Churned
S00320,C0103,P016,2025-07-07,,49.99,Active
S00321,C0473,P005,2024-12-04,,79.99,Active
S00322,C0433,P004,2025-11-05,,79.99,Active
S00323,C0870,P019,2024-04-20,,19.99,Active
S00324,C0384,P017,2023-05-15,2024-05-17,149.99,Churned
S00325,C0279,P002,2023-12-10,,29.99,Active
S00326,C0974,P026,2023-11-09,,49.99,Active
S00327,C0363,P009,2025-01-09,,49.99,Active
S00328,C0876,P025,2024-05-24,,19.99,Active
S00329,C0138,P027,2024-02-06,2025-01-20,99.99,Churned
S00330,C0612,P006,2023-07-26,,19.99,Active
S00331,C0878,P005,2023-05-22,2024-01-10,79.99,Churned
S00332,C0202,P013,2023-05-31,,19.99,Active
S00333,C0986,P010,2023-08-06,,149.99,Active
S00334,C0134,P002,2025-04-14,2026-01-02,29.99,Churned
S00335,C0156,P001,2024-09-04,2025-11-23,149.99,Churned
S00336,C0162,P010,2023-08-17,,149.99,Active
S00337,C0083,P016,2023-06-17,2023-11-09,49.99,Churned
S00338,C0636,P029,2023-05-03,,49.99,Active
S00339,C0209,P004,2023-08-22,,79.99,Active
S00340,C0396,P023,2024-08-02,2025-04-09,79.99,Churned
S00341,C0521,P017,2025-10-20,,149.99,Active
S00342,C0158,P010,2023-08-12,2024-07-07,149.99,Churned
S00343,C0691,P004,2024-01-11,,79.99,Active
S00344,C0695,P021,2024-03-30,,49.99,Active
S00345,C0783,P028,2023-01-25,,29.99,Active
S00346,C0232,P012,2023-05-23,,49.99,Active
S00347,C0467,P028,2024-03-28,,29.99,Active
S00348,C0317,P004,2024-10-14,,79.99,Active
S00349,C0917,P020,2024-03-03,,79.99,Active
S00350,C0869,P010,2025-08-16,,149.99,Active
S00351,C0855,P023,2024-06-28,2025-05-29,79.99,Churned
S00352,C0838,P025,2025-06-13,,19.99,Active
S00353,C0019,P005,2023-10-02,,79.99,Active
S00354,C0691,P001,2025-01-22,2025-05-11,149.99,Churned
S00355,C0296,P002,2023-11-10,,29.99,Active
S00356,C0440,P009,2023-10-19,2024-10-06,49.99,Churned
S00357,C0737,P015,2023-04-19,,49.99,Active
S00358,C0724,P003,2025-02-23,,79.99,Active
S00359,C0160,P023,2024-01-01,,79.99,Active
S00360,C0716,P002,2024-09-03,2025-04-08,29.99,Churned
S00361,C0250,P026,2025-03-20,2026-04-28,49.99,Churned
S00362,C0867,P024,2024-03-17,,79.99,Active
S00363,C0765,P030,2025-01-19,,19.99,Active
S00364,C0569,P001,2023-02-19,2023-08-12,149.99,Churned
S00365,C0424,P015,2023-09-29,,49.99,Active
S00366,C0695,P023,2023-04-19,2024-01-08,79.99,Churned
S00367,C0794,P023,2023-01-05,2024-05-07,79.99,Churned
S00368,C0909,P008,2023-01-16,,79.99,Active
S00369,C0660,P009,2025-12-26,,49.99,Active
S00370,C0655,P020,2024-01-01,,79.99,Active
S00371,C0850,P010,2025-07-21,,149.99,Active
S00372,C0657,P014,2023-10-06,,29.99,Active
S00373,C0473,P008,2024-10-07,2025-01-04,79.99,Churned
S00374,C0327,P008,2024-09-29,2026-01-06,79.99,Churned
S00375,C0773,P006,2023-02-14,2023-08-03,19.99,Churned
S00376,C0047,P021,2024-10-09,,49.99,Active
S00377,C0761,P024,2023-01-11,,79.99,Active
S00378,C0149,P007,2025-04-07,,49.99,Active
S00379,C0014,P015,2024-12-01,,49.99,Active
S00380,C0732,P023,2023-08-20,,79.99,Active
S00381,C0066,P030,2023-09-23,,19.99,Active
S00382,C0449,P028,2023-08-30,,29.99,Active
S00383,C0144,P030,2023-07-27,,19.99,Active
S00384,C0303,P001,2024-07-18,,149.99,Active
S00385,C0292,P009,2024-04-11,,49.99,Active
S00386,C0993,P024,2023-02-25,,79.99,Active
S00387,C0508,P006,2024-05-26,,19.99,Active
S00388,C0123,P002,2024-07-10,2025-01-06,29.99,Churned
S00389,C0893,P006,2023-09-29,2024-10-08,19.99,Churned
S00390,C0518,P021,2023-10-12,2025-02-07,49.99,Churned
S00391,C0036,P002,2024-09-07,2025-12-26,29.99,Churned
S00392,C0280,P009,2025-08-07,,49.99,Active
S00393,C0085,P026,2025-10-15,,49.99,Active
S00394,C0079,P005,2024-02-24,2025-02-25,79.99,Churned
S00395,C0145,P018,2025-08-20,,99.99,Active
S00396,C0129,P014,2024-06-03,,29.99,Active
S00397,C0353,P016,2025-11-04,,49.99,Active
S00398,C0932,P021,2025-02-28,,49.99,Active
S00399,C0576,P019,2024-11-09,2025-05-17,19.99,Churned
S00400,C0700,P001,2024-08-08,,149.99,Active
S00401,C0268,P019,2024-01-29,,19.99,Active
S00402,C0434,P006,2024-05-02,2024-12-30,19.99,Churned
S00403,C0969,P001,2025-11-21,2026-08-13,149.99,Churned
S00404,C0611,P023,2023-09-21,,79.99,Active
S00405,C0179,P023,2023-10-11,,79.99,Active
S00406,C0031,P030,2025-07-24,,19.99,Active
S00407,C0864,P021,2023-10-07,,49.99,Active
S00408,C0408,P014,2023-12-05,2025-01-21,29.99,Churned
S00409,C0772,P011,2025-05-09,,79.99,Active
S00410,C0245,P013,2023-04-13,,19.99,Active
S00411,C0551,P001,2025-07-19,,149.99,Active
S00412,C0115,P012,2023-06-25,2023-09-27,49.99,Churned
S00413,C0106,P019,2025-08-10,,19.99,Active
S00414,C0546,P004,2023-12-02,,79.99,Active
S00415,C0011,P013,2023-10-10,,19.99,Active
S00416,C0166,P004,2023-07-19,,79.99,Active
S00417,C0986,P010,2024-03-29,2025-07-15,149.99,Churned
S00418,C0245,P001,2023-10-21,2024-05-17,149.99,Churned
S00419,C0274,P008,2023-01-04,,79.99,Active
S00420,C0618,P001,2023-08-09,,149.99,Active
S00421,C0910,P016,2024-10-03,,49.99,Active
S00422,C0376,P021,2024-12-29,,49.99,Active
S00423,C0678,P019,2025-08-26,,19.99,Active
S00424,C0224,P024,2024-05-11,,79.99,Active
S00425,C0263,P028,2025-02-11,2025-05-05,29.99,Churned
S00426,C0387,P020,2023-01-27,2023-12-14,79.99,Churned
S00427,C0207,P023,2024-01-08,,79.99,Active
S00428,C0094,P003,2023-01-17,,79.99,Active
S00429,C0072,P029,2025-10-05,,49.99,Active
S00430,C0743,P020,2024-10-01,,79.99,Active
S00431,C0990,P016,2024-07-31,,49.99,Active
S00432,C0919,P012,2023-05-27,2024-04-14,49.99,Churned
S00433,C0543,P024,2023-10-03,,79.99,Active
S00434,C0425,P022,2025-08-29,,19.99,Active
S00435,C0826,P026,2025-10-25,,49.99,Active
S00436,C0256,P024,2025-06-05,,79.99,Active
S00437,C0076,P006,2025-09-02,,19.99,Active
S00438,C0845,P008,2023-12-19,,79.99,Active
S00439,C0481,P014,2024-12-06,,29.99,Active
S00440,C0684,P011,2024-04-24,2025-04-04,79.99,Churned
S00441,C0037,P004,2024-05-18,,79.99,Active
S00442,C0142,P027,2024-06-26,2025-05-13,99.99,Churned
S00443,C0544,P007,2023-12-17,2024-07-19,49.99,Churned
S00444,C0803,P027,2024-01-25,,99.99,Active
S00445,C0558,P018,2024-05-11,,99.99,Active
S00446,C0193,P027,2025-08-28,,99.99,Active
S00447,C0819,P001,2023-11-04,,149.99,Active
S00448,C0481,P004,2024-06-30,,79.99,Active
S00449,C0722,P028,2023-09-15,,29.99,Active
S00450,C0481,P030,2023-03-07,,19.99,Active
S00451,C0123,P027,2024-06-27,,99.99,Active
S00452,C0435,P016,2024-10-04,,49.99,Active
S00453,C0606,P005,2023-06-20,2024-09-10,79.99,Churned
S00454,C0312,P003,2024-11-24,,79.99,Active
S00455,C0384,P026,2024-11-18,2025-12-08,49.99,Churned
S00456,C0526,P019,2024-02-01,,19.99,Active
S00457,C0450,P001,2024-02-21,,149.99,Active
S00458,C0071,P004,2023-12-23,,79.99,Active
S00459,C0424,P010,2023-02-08,,149.99,Active
S00460,C0144,P023,2023-03-21,2024-01-29,79.99,Churned
S00461,C0546,P017,2025-04-16,2026-06-25,149.99,Churned
S00462,C0463,P003,2024-11-04,,79.99,Active
S00463,C0978,P028,2024-10-18,2025-06-08,29.99,Churned
S00464,C0332,P009,2024-10-20,,49.99,Active
S00465,C0306,P002,2025-04-19,,29.99,Active
S00466,C0009,P011,2023-04-19,,79.99,Active
S00467,C0088,P016,2025-04-29,,49.99,Active
S00468,C0456,P006,2023-01-19,,19.99,Active
S00469,C0029,P024,2024-10-21,,79.99,Active
S00470,C0910,P026,2023-03-31,2023-10-05,49.99,Churned
S00471,C0886,P009,2024-03-31,,49.99,Active
S00472,C0969,P002,2023-10-20,2024-09-04,29.99,Churned
S00473,C0960,P021,2024-12-26,,49.99,Active
S00474,C0318,P001,2025-07-04,,149.99,Active
S00475,C0487,P025,2023-10-22,,19.99,Active
S00476,C0392,P003,2024-10-03,,79.99,Active
S00477,C0913,P030,2023-03-01,,19.99,Active
S00478,C0517,P025,2024-03-10,,19.99,Active
S00479,C0202,P011,2024-07-06,,79.99,Active
S00480,C0723,P003,2024-02-27,,79.99,Active
S00481,C0294,P002,2024-09-27,,29.99,Active
S00482,C0656,P003,2024-05-13,,79.99,Active
S00483,C0714,P023,2023-09-23,,79.99,Active
S00484,C0847,P024,2023-12-26,,79.99,Active
S00485,C0663,P018,2023-06-07,,99.99,Active
S00486,C0632,P016,2025-04-29,,49.99,Active
S00487,C0115,P017,2025-11-13,,149.99,Active
S00488,C0159,P010,2024-12-31,,149.99,Active
S00489,C0846,P012,2023-01-24,2024-04-17,49.99,Churned
S00490,C0763,P016,2023-04-07,,49.99,Active
S00491,C0951,P026,2025-05-16,,49.99,Active
S00492,C0633,P009,2023-03-28,,49.99,Active
S00493,C0339,P022,2024-07-05,,19.99,Active
S00494,C0771,P020,2024-10-06,,79.99,Active
S00495,C0191,P001,2025-12-01,,149.99,Active
S00496,C0983,P029,2023-12-19,,49.99,Active
S00497,C0490,P024,2024-09-23,,79.99,Active
S00498,C0736,P001,2024-12-11,,149.99,Active
S00499,C0862,P003,2025-03-30,,79.99,Active
S00500,C0583,P019,2023-05-14,2023-11-03,19.99,Churned
S00501,C0271,P013,2025-10-03,,19.99,Active
S00502,C0163,P008,2024-11-30,2026-02-25,79.99,Churned
S00503,C0896,P022,2025-02-11,2025-05-23,19.99,Churned
S00504,C0723,P005,2024-01-09,,79.99,Active
S00505,C0788,P003,2024-10-23,,79.99,Active
S00506,C0222,P018,2023-08-11,2024-03-10,99.99,Churned
S00507,C0996,P026,2024-02-13,,49.99,Active
S00508,C0465,P013,2023-12-29,,19.99,Active
S00509,C0140,P024,2023-09-14,,79.99,Active
S00510,C0599,P007,2023-08-31,,49.99,Active
S00511,C0113,P025,2025-09-23,,19.99,Active
S00512,C0088,P010,2024-05-24,,149.99,Active
S00513,C0529,P009,2024-07-23,,49.99,Active
S00514,C0479,P020,2025-01-09,,79.99,Active
S00515,C0564,P012,2024-09-15,,49.99,Active
S00516,C0125,P011,2023-06-06,,79.99,Active
S00517,C0227,P029,2023-01-29,,49.99,Active
S00518,C0725,P021,2025-12-03,,49.99,Active
S00519,C0109,P027,2024-12-18,,99.99,Active
S00520,C0094,P025,2025-03-11,2026-06-26,19.99,Churned
S00521,C0887,P013,2025-02-13,,19.99,Active
S00522,C0265,P014,2024-11-22,,29.99,Active
S00523,C0475,P010,2025-12-09,,149.99,Active
S00524,C0064,P007,2023-06-19,,49.99,Active
S00525,C0833,P028,2024-10-05,,29.99,Active
S00526,C0014,P016,2025-11-08,,49.99,Active
S00527,C0780,P016,2025-02-27,,49.99,Active
S00528,C0696,P003,2024-06-09,2024-12-03,79.99,Churned
S00529,C0746,P025,2025-06-08,2026-05-24,19.99,Churned
S00530,C0371,P014,2025-04-01,,29.99,Active
S00531,C0573,P020,2024-04-08,2025-04-28,79.99,Churned
S00532,C0812,P027,2025-10-12,,99.99,Active
S00533,C0350,P003,2023-11-05,,79.99,Active
S00534,C0607,P023,2023-07-01,,79.99,Active
S00535,C0792,P014,2024-07-13,,29.99,Active
S00536,C0224,P006,2024-01-10,2024-07-02,19.99,Churned
S00537,C0109,P010,2023-02-24,,149.99,Active
S00538,C0975,P013,2025-03-06,,19.99,Active
S00539,C0271,P021,2025-01-24,,49.99,Active
S00540,C0644,P001,2025-09-23,,149.99,Active
S00541,C0647,P003,2025-08-19,,79.99,Active
S00542,C0271,P029,2024-06-27,,49.99,Active
S00543,C0292,P018,2025-11-23,2026-07-09,99.99,Churned
S00544,C0851,P022,2025-10-10,,19.99,Active
S00545,C0715,P026,2025-09-06,,49.99,Active
S00546,C0711,P030,2024-02-23,,19.99,Active
S00547,C0120,P013,2025-02-27,,19.99,Active
S00548,C0266,P009,2025-12-02,,49.99,Active
S00549,C0551,P008,2025-09-27,,79.99,Active
S00550,C0335,P006,2025-05-08,,19.99,Active
S00551,C0577,P021,2023-04-16,,49.99,Active
S00552,C0228,P017,2025-07-26,,149.99,Active
S00553,C0174,P025,2024-09-16,2025-12-12,19.99,Churned
S00554,C0362,P022,2023-10-01,2024-04-07,19.99,Churned
S00555,C0562,P025,2023-01-30,2024-04-17,19.99,Churned
S00556,C0197,P023,2025-05-14,,79.99,Active
S00557,C0627,P030,2023-02-17,,19.99,Active
S00558,C0966,P012,2025-04-23,,49.99,Active
S00559,C0984,P019,2023-07-31,,19.99,Active
S00560,C0598,P003,2023-01-06,,79.99,Active
S00561,C0933,P004,2023-03-20,2023-09-09,79.99,Churned
S00562,C0252,P016,2025-05-01,2026-06-15,49.99,Churned
S00563,C0868,P023,2024-08-02,2025-03-22,79.99,Churned
S00564,C0519,P023,2024-03-15,2025-04-05,79.99,Churned
S00565,C0516,P018,2023-07-28,2024-05-15,99.99,Churned
S00566,C0749,P014,2025-07-08,,29.99,Active
S00567,C0812,P008,2023-01-02,,79.99,Active
S00568,C0538,P003,2025-10-07,,79.99,Active
S00569,C0977,P012,2025-02-28,,49.99,Active
S00570,C0823,P030,2024-07-13,,19.99,Active
S00571,C0382,P016,2023-01-30,,49.99,Active
S00572,C0511,P030,2024-07-12,,19.99,Active
S00573,C0980,P028,2024-06-14,,29.99,Active
S00574,C0213,P016,2023-10-26,,49.99,Active
S00575,C0600,P020,2024-11-04,2025-12-25,79.99,Churned
S00576,C0001,P019,2023-09-09,,19.99,Active
S00577,C0456,P004,2024-08-07,,79.99,Active
S00578,C0167,P006,2023-04-23,2023-10-15,19.99,Churned
S00579,C0888,P007,2025-10-16,,49.99,Active
S00580,C0020,P006,2024-03-21,,19.99,Active
S00581,C0086,P003,2025-11-24,2026-03-31,79.99,Churned
S00582,C0382,P010,2023-12-25,,149.99,Active
S00583,C0486,P009,2025-12-13,,49.99,Active
S00584,C0980,P016,2024-02-11,,49.99,Active
S00585,C0040,P004,2023-03-24,2023-11-07,79.99,Churned
S00586,C0891,P005,2025-11-05,,79.99,Active
S00587,C0585,P014,2023-07-07,,29.99,Active
S00588,C0070,P009,2023-06-07,,49.99,Active
S00589,C0062,P004,2025-06-10,,79.99,Active
S00590,C0523,P029,2024-01-21,,49.99,Active
S00591,C0428,P003,2025-01-01,,79.99,Active
S00592,C0613,P010,2024-03-14,2025-01-01,149.99,Churned
S00593,C0395,P014,2025-06-15,2025-11-22,29.99,Churned
S00594,C0400,P004,2023-11-09,2025-03-03,79.99,Churned
S00595,C0254,P026,2024-03-08,,49.99,Active
S00596,C0795,P029,2024-11-26,2025-04-09,49.99,Churned
S00597,C0746,P007,2023-10-26,,49.99,Active
S00598,C0979,P010,2024-03-01,,149.99,Active
S00599,C0480,P017,2025-07-09,2026-08-11,149.99,Churned
S00600,C0036,P008,2024-11-10,,79.99,Active
S00601,C0479,P003,2023-09-16,,79.99,Active
S00602,C0837,P011,2025-06-07,,79.99,Active
S00603,C0257,P026,2023-03-10,,49.99,Active
S00604,C0359,P002,2025-11-15,,29.99,Active
S00605,C0642,P005,2024-01-07,,79.99,Active
S00606,C0932,P029,2024-09-11,,49.99,Active
S00607,C0585,P002,2024-08-07,2025-06-25,29.99,Churned
S00608,C0897,P018,2024-02-25,,99.99,Active
S00609,C0887,P007,2023-11-19,,49.99,Active
S00610,C0652,P020,2023-01-08,2023-11-17,79.99,Churned
S00611,C0869,P007,2023-11-16,2025-02-03,49.99,Churned
S00612,C0318,P025,2024-05-19,2025-01-25,19.99,Churned
S00613,C0305,P030,2024-05-10,,19.99,Active
S00614,C0937,P004,2025-12-18,,79.99,Active
S00615,C0423,P014,2025-01-14,,29.99,Active
S00616,C0489,P007,2023-10-24,,49.99,Active
S00617,C0712,P019,2024-04-09,,19.99,Active
S00618,C0249,P023,2024-03-16,2024-06-25,79.99,Churned
S00619,C0564,P022,2023-06-12,2024-01-07,19.99,Churned
S00620,C0353,P022,2023-12-04,,19.99,Active
S00621,C0601,P003,2025-03-19,2026-05-22,79.99,Churned
S00622,C0579,P028,2025-06-08,2026-01-20,29.99,Churned
S00623,C0856,P026,2025-11-15,,49.99,Active
S00624,C0126,P005,2025-12-26,,79.99,Active
S00625,C0587,P006,2024-09-19,2024-11-27,19.99,Churned
S00626,C0932,P002,2024-04-04,,29.99,Active
S00627,C0659,P006,2024-06-23,,19.99,Active
S00628,C0535,P006,2024-07-08,,19.99,Active
S00629,C0164,P023,2023-07-27,,79.99,Active
S00630,C0650,P005,2023-01-07,,79.99,Active
S00631,C0882,P030,2025-12-14,,19.99,Active
S00632,C0923,P014,2023-10-12,,29.99,Active
S00633,C0386,P021,2024-02-16,,49.99,Active
S00634,C0357,P002,2024-03-19,,29.99,Active
S00635,C0642,P010,2023-11-29,,149.99,Active
S00636,C0163,P011,2024-08-02,,79.99,Active
S00637,C0692,P017,2023-03-14,2023-12-15,149.99,Churned
S00638,C0307,P029,2024-11-07,2025-03-04,49.99,Churned
S00639,C0255,P022,2025-05-11,,19.99,Active
S00640,C0693,P011,2024-01-14,,79.99,Active
S00641,C0540,P030,2025-08-21,,19.99,Active
S00642,C0607,P019,2024-08-21,,19.99,Active
S00643,C0897,P006,2024-01-26,,19.99,Active
S00644,C0624,P030,2025-05-15,,19.99,Active
S00645,C0980,P019,2024-08-18,,19.99,Active
S00646,C0816,P028,2025-01-29,,29.99,Active
S00647,C0927,P009,2023-07-26,,49.99,Active
S00648,C0196,P014,2023-08-06,,29.99,Active
S00649,C0794,P005,2024-07-16,,79.99,Active
S00650,C0660,P023,2023-01-30,,79.99,Active
S00651,C0854,P006,2025-05-10,,19.99,Active
S00652,C0989,P003,2023-09-02,,79.99,Active
S00653,C0646,P012,2025-04-23,2026-03-15,49.99,Churned
S00654,C0955,P011,2024-08-04,,79.99,Active
S00655,C0626,P012,2025-07-20,,49.99,Active
S00656,C0104,P009,2024-05-24,2025-05-28,49.99,Churned
S00657,C0030,P014,2025-02-10,2026-06-19,29.99,Churned
S00658,C0008,P006,2025-07-20,,19.99,Active
S00659,C0787,P019,2024-08-11,,19.99,Active
S00660,C0293,P026,2024-01-28,,49.99,Active
S00661,C0611,P019,2023-02-23,,19.99,Active
S00662,C0395,P028,2025-09-13,,29.99,Active
S00663,C0712,P023,2025-08-30,2026-08-15,79.99,Churned
S00664,C0210,P001,2025-04-12,,149.99,Active
S00665,C0563,P030,2023-12-19,,19.99,Active
S00666,C0365,P028,2025-01-19,2025-08-24,29.99,Churned
S00667,C0592,P028,2024-01-15,,29.99,Active
S00668,C0022,P026,2025-02-19,2025-05-25,49.99,Churned
S00669,C0393,P011,2024-12-23,,79.99,Active
S00670,C0477,P023,2023-06-26,,79.99,Active
S00671,C0719,P022,2023-06-24,,19.99,Active
S00672,C0147,P028,2023-07-15,2024-10-18,29.99,Churned
S00673,C0940,P004,2023-12-30,,79.99,Active
S00674,C0575,P006,2024-02-10,,19.99,Active
S00675,C0130,P025,2025-05-26,,19.99,Active
S00676,C0145,P019,2025-12-18,,19.99,Active
S00677,C0033,P003,2024-11-11,,79.99,Active
S00678,C0908,P007,2024-05-16,,49.99,Active
S00679,C0115,P027,2025-10-16,,99.99,Active
S00680,C0478,P025,2024-05-12,,19.99,Active
S00681,C0812,P024,2025-04-29,,79.99,Active
S00682,C0127,P007,2024-03-01,,49.99,Active
S00683,C0124,P013,2025-03-05,,19.99,Active
S00684,C0619,P018,2023-07-09,2023-09-18,99.99,Churned
S00685,C0971,P001,2024-05-19,,149.99,Active
S00686,C0204,P002,2025-03-11,,29.99,Active
S00687,C0037,P030,2025-10-20,2026-08-14,19.99,Churned
S00688,C0350,P005,2025-11-30,,79.99,Active
S00689,C0142,P009,2024-11-29,,49.99,Active
S00690,C0427,P003,2025-09-01,,79.99,Active
S00691,C0287,P020,2024-09-11,2025-04-30,79.99,Churned
S00692,C0199,P020,2025-12-01,,79.99,Active
S00693,C0489,P021,2025-09-19,,49.99,Active
S00694,C0497,P009,2024-11-25,,49.99,Active
S00695,C0878,P011,2023-12-12,,79.99,Active
S00696,C0018,P011,2025-03-19,,79.99,Active
S00697,C0477,P010,2023-05-24,,149.99,Active
S00698,C0625,P005,2024-09-23,,79.99,Active
S00699,C0953,P004,2024-06-21,,79.99,Active
S00700,C0827,P022,2023-10-21,,19.99,Active
S00701,C0142,P010,2024-12-22,,149.99,Active
S00702,C0723,P024,2025-02-23,2026-05-23,79.99,Churned
S00703,C0421,P006,2023-06-10,,19.99,Active
S00704,C0092,P026,2025-05-11,2026-08-13,49.99,Churned
S00705,C0926,P015,2023-11-25,2025-02-11,49.99,Churned
S00706,C0537,P003,2025-06-24,,79.99,Active
S00707,C0660,P005,2023-03-11,2023-06-13,79.99,Churned
S00708,C0427,P013,2024-03-23,,19.99,Active
S00709,C0351,P019,2024-02-21,2024-07-20,19.99,Churned
S00710,C0063,P016,2023-05-11,2024-01-09,49.99,Churned
S00711,C0550,P024,2023-05-22,,79.99,Active
S00712,C0500,P007,2025-09-29,,49.99,Active
S00713,C0261,P004,2023-08-26,2024-11-18,79.99,Churned
S00714,C0856,P029,2025-09-15,,49.99,Active
S00715,C0650,P010,2024-10-26,2026-03-09,149.99,Churned
S00716,C0936,P017,2024-01-27,,149.99,Active
S00717,C0255,P023,2024-07-20,,79.99,Active
S00718,C0810,P001,2023-01-23,,149.99,Active
S00719,C0960,P028,2024-10-10,,29.99,Active
S00720,C0811,P023,2023-11-22,,79.99,Active
S00721,C0738,P005,2024-10-16,,79.99,Active
S00722,C0374,P026,2024-05-05,2024-10-02,49.99,Churned
S00723,C0708,P014,2023-08-19,,29.99,Active
S00724,C0097,P016,2023-08-06,,49.99,Active
S00725,C0700,P015,2023-06-19,,49.99,Active
S00726,C0749,P021,2025-12-27,,49.99,Active
S00727,C0310,P018,2026-01-04,2026-08-14,99.99,Churned
S00728,C0648,P023,2025-02-26,,79.99,Active
S00729,C0880,P001,2024-04-13,,149.99,Active
S00730,C0435,P015,2024-01-29,,49.99,Active
S00731,C0423,P028,2024-03-03,2025-05-24,29.99,Churned
S00732,C0854,P022,2025-03-17,,19.99,Active
S00733,C0155,P023,2024-12-20,,79.99,Active
S00734,C0369,P012,2024-10-17,,49.99,Active
S00735,C0473,P017,2023-09-21,,149.99,Active
S00736,C0268,P013,2023-04-24,2024-03-14,19.99,Churned
S00737,C0284,P017,2024-07-07,2025-07-23,149.99,Churned
S00738,C0851,P004,2024-01-26,,79.99,Active
S00739,C0654,P006,2024-09-21,,19.99,Active
S00740,C0592,P028,2024-09-23,,29.99,Active
S00741,C0953,P021,2023-08-23,,49.99,Active
S00742,C0935,P024,2023-10-30,,79.99,Active
S00743,C0599,P030,2025-06-14,,19.99,Active
S00744,C0816,P014,2024-02-19,,29.99,Active
S00745,C0388,P002,2024-06-12,,29.99,Active
S00746,C0356,P013,2024-02-07,,19.99,Active
S00747,C0909,P008,2025-10-05,,79.99,Active
S00748,C0169,P024,2024-02-21,2024-08-28,79.99,Churned
S00749,C0397,P008,2025-07-17,,79.99,Active
S00750,C0020,P004,2023-01-24,2023-10-07,79.99,Churned
S00751,C1000,P009,2025-04-18,,49.99,Active
S00752,C0017,P027,2025-01-08,,99.99,Active
S00753,C0744,P022,2024-07-06,,19.99,Active
S00754,C0470,P001,2023-03-24,2023-12-29,149.99,Churned
S00755,C0573,P006,2024-02-08,,19.99,Active
S00756,C0444,P020,2025-03-20,2026-03-11,79.99,Churned
S00757,C0849,P023,2024-11-14,,79.99,Active
S00758,C0130,P019,2025-02-10,,19.99,Active
S00759,C0546,P021,2025-02-07,,49.99,Active
S00760,C0780,P016,2023-02-22,,49.99,Active
S00761,C0871,P028,2024-02-03,,29.99,Active
S00762,C0886,P002,2024-08-18,,29.99,Active
S00763,C0352,P029,2023-07-03,,49.99,Active
S00764,C0125,P007,2024-09-21,2025-10-29,49.99,Churned
S00765,C0716,P012,2025-09-17,,49.99,Active
S00766,C0173,P023,2023-04-06,,79.99,Active
S00767,C0695,P002,2023-10-11,2024-05-04,29.99,Churned
S00768,C0615,P016,2024-01-05,,49.99,Active
S00769,C0823,P007,2023-10-22,2024-10-02,49.99,Churned
S00770,C0384,P007,2024-12-14,2025-09-10,49.99,Churned
S00771,C0551,P028,2023-12-02,,29.99,Active
S00772,C0272,P002,2023-11-09,,29.99,Active
S00773,C0113,P010,2025-08-30,,149.99,Active
S00774,C0669,P009,2024-11-26,,49.99,Active
S00775,C0222,P027,2025-10-08,,99.99,Active
S00776,C0548,P010,2024-11-11,2026-01-20,149.99,Churned
S00777,C0883,P028,2023-03-22,,29.99,Active
S00778,C0294,P002,2024-04-28,,29.99,Active
S00779,C0982,P027,2025-10-27,,99.99,Active
S00780,C0037,P004,2025-09-23,2026-01-11,79.99,Churned
S00781,C0651,P004,2025-11-10,,79.99,Active
S00782,C0215,P011,2023-01-15,2023-03-19,79.99,Churned
S00783,C0537,P028,2024-12-21,,29.99,Active
S00784,C0029,P025,2024-02-08,,19.99,Active
S00785,C0684,P026,2024-09-19,2025-01-27,49.99,Churned
S00786,C0410,P017,2025-11-26,,149.99,Active
S00787,C0378,P019,2026-01-02,,19.99,Active
S00788,C0324,P014,2023-02-12,2023-09-23,29.99,Churned
S00789,C0923,P025,2023-01-24,,19.99,Active
S00790,C0812,P029,2025-09-03,,49.99,Active
S00791,C0521,P022,2024-07-19,,19.99,Active
S00792,C0405,P002,2026-01-02,2026-03-18,29.99,Churned
S00793,C0513,P013,2024-09-23,2024-11-29,19.99,Churned
S00794,C0986,P021,2025-05-06,,49.99,Active
S00795,C0398,P010,2025-05-11,2026-08-08,149.99,Churned
S00796,C0060,P023,2023-04-20,,79.99,Active
S00797,C0668,P009,2024-03-19,2024-10-14,49.99,Churned
S00798,C0294,P016,2025-01-23,2026-05-15,49.99,Churned
S00799,C0845,P017,2023-12-18,2024-09-03,149.99,Churned
S00800,C0107,P021,2023-06-01,,49.99,Active
S00801,C0342,P002,2023-07-04,2024-10-22,29.99,Churned
S00802,C0956,P002,2024-02-23,,29.99,Active
S00803,C0839,P018,2025-02-11,2026-01-12,99.99,Churned
S00804,C0577,P011,2023-05-08,,79.99,Active
S00805,C0699,P015,2025-05-15,,49.99,Active
S00806,C0950,P015,2024-02-15,,49.99,Active
S00807,C0724,P028,2023-03-01,,29.99,Active
S00808,C0328,P023,2025-02-02,,79.99,Active
S00809,C0470,P002,2024-01-13,,29.99,Active
S00810,C0386,P030,2025-02-09,2026-04-15,19.99,Churned
S00811,C0223,P013,2024-08-04,,19.99,Active
S00812,C0477,P007,2023-08-16,2024-09-14,49.99,Churned
S00813,C0994,P024,2023-07-06,,79.99,Active
S00814,C0143,P024,2024-04-09,2025-07-11,79.99,Churned
S00815,C0655,P021,2025-10-25,,49.99,Active
S00816,C0606,P014,2025-05-29,,29.99,Active
S00817,C0772,P013,2024-11-26,,19.99,Active
S00818,C0532,P030,2023-10-07,2024-02-20,19.99,Churned
S00819,C0609,P013,2024-01-19,,19.99,Active
S00820,C0468,P009,2023-10-19,2024-03-17,49.99,Churned
S00821,C0912,P016,2025-12-06,2026-08-11,49.99,Churned
S00822,C0564,P014,2024-07-31,,29.99,Active
S00823,C0851,P021,2025-07-06,,49.99,Active
S00824,C0336,P021,2024-12-31,,49.99,Active
S00825,C0375,P002,2023-02-04,,29.99,Active
S00826,C0511,P013,2025-11-16,,19.99,Active
S00827,C0225,P009,2024-10-04,,49.99,Active
S00828,C0671,P025,2023-08-22,,19.99,Active
S00829,C0112,P029,2023-06-26,,49.99,Active
S00830,C0991,P017,2025-10-13,,149.99,Active
S00831,C0643,P024,2024-07-14,,79.99,Active
S00832,C0664,P014,2024-09-23,,29.99,Active
S00833,C0374,P001,2024-04-23,2025-05-08,149.99,Churned
S00834,C0426,P008,2023-09-17,,79.99,Active
S00835,C0761,P002,2023-01-29,2023-11-22,29.99,Churned
S00836,C0753,P024,2024-05-17,,79.99,Active
S00837,C0438,P018,2025-08-07,,99.99,Active
S00838,C0565,P012,2025-05-27,,49.99,Active
S00839,C0857,P028,2023-05-10,,29.99,Active
S00840,C0924,P019,2024-02-07,,19.99,Active
S00841,C0153,P026,2024-04-26,,49.99,Active
S00842,C0621,P008,2023-03-19,,79.99,Active
S00843,C0824,P017,2025-03-23,,149.99,Active
S00844,C0255,P003,2023-02-09,,79.99,Active
S00845,C0441,P024,2024-05-18,2025-05-02,79.99,Churned
S00846,C0911,P007,2025-05-15,,49.99,Active
S00847,C0004,P017,2025-08-02,,149.99,Active
S00848,C0645,P018,2025-06-12,2026-07-27,99.99,Churned
S00849,C0268,P006,2025-09-20,2026-08-19,19.99,Churned
S00850,C0046,P028,2024-10-03,,29.99,Active
S00851,C0121,P009,2024-01-18,,49.99,Active
S00852,C0840,P011,2025-03-19,,79.99,Active
S00853,C0943,P021,2023-11-06,,49.99,Active
S00854,C0294,P001,2025-07-09,,149.99,Active
S00855,C0728,P008,2025-12-11,,79.99,Active
S00856,C0441,P002,2023-09-29,,29.99,Active
S00857,C0093,P021,2025-11-13,,49.99,Active
S00858,C0880,P013,2024-05-08,2024-10-03,19.99,Churned
S00859,C0664,P007,2024-08-02,2025-08-07,49.99,Churned
S00860,C0202,P009,2024-04-02,,49.99,Active
S00861,C0505,P008,2024-02-21,2024-11-06,79.99,Churned
S00862,C0694,P028,2025-07-20,,29.99,Active
S00863,C0985,P008,2024-02-04,,79.99,Active
S00864,C0713,P026,2023-07-14,,49.99,Active
S00865,C0861,P020,2023-06-22,,79.99,Active
S00866,C0736,P027,2025-08-21,,99.99,Active
S00867,C0095,P009,2025-11-30,2026-04-24,49.99,Churned
S00868,C0881,P011,2025-02-05,,79.99,Active
S00869,C0484,P023,2025-01-24,2026-01-23,79.99,Churned
S00870,C0340,P009,2025-11-05,,49.99,Active
S00871,C0791,P004,2025-08-05,,79.99,Active
S00872,C0589,P019,2023-10-03,,19.99,Active
S00873,C0546,P010,2023-01-12,,149.99,Active
S00874,C0555,P011,2025-12-06,,79.99,Active
S00875,C0709,P020,2024-11-13,,79.99,Active
S00876,C0579,P013,2023-10-06,2024-08-28,19.99,Churned
S00877,C0207,P028,2025-05-19,,29.99,Active
S00878,C0403,P025,2024-09-26,2025-02-14,19.99,Churned
S00879,C0448,P021,2024-02-01,,49.99,Active
S00880,C0091,P011,2024-10-25,,79.99,Active
S00881,C0256,P008,2023-10-09,2024-10-19,79.99,Churned
S00882,C0312,P010,2025-10-13,,149.99,Active
S00883,C0877,P022,2023-03-18,,19.99,Active
S00884,C0676,P004,2023-01-04,,79.99,Active
S00885,C0277,P028,2023-11-11,,29.99,Active
S00886,C0044,P022,2023-10-10,2024-08-05,19.99,Churned
S00887,C0186,P018,2025-09-28,,99.99,Active
S00888,C0484,P024,2025-05-21,,79.99,Active
S00889,C0292,P008,2025-03-26,2026-05-30,79.99,Churned
S00890,C0753,P019,2025-08-16,,19.99,Active
S00891,C0039,P027,2024-07-03,2025-07-27,99.99,Churned
S00892,C0465,P010,2023-01-20,,149.99,Active
S00893,C0843,P018,2025-01-23,,99.99,Active
S00894,C0695,P030,2023-02-17,,19.99,Active
S00895,C0846,P003,2024-05-22,,79.99,Active
S00896,C0542,P002,2024-12-14,2025-02-28,29.99,Churned
S00897,C0971,P016,2025-11-09,,49.99,Active
S00898,C0455,P001,2023-04-24,,149.99,Active
S00899,C0330,P003,2023-03-07,,79.99,Active
S00900,C0793,P009,2024-02-04,,49.99,Active
S00901,C0220,P015,2024-12-26,,49.99,Active
S00902,C0459,P028,2024-04-10,,29.99,Active
S00903,C0104,P028,2024-02-26,,29.99,Active
S00904,C0465,P018,2023-07-20,2023-10-20,99.99,Churned
S00905,C0862,P010,2024-01-29,,149.99,Active
S00906,C0359,P024,2025-11-05,,79.99,Active
S00907,C0501,P029,2024-01-25,,49.99,Active
S00908,C0188,P029,2025-06-30,,49.99,Active
S00909,C0160,P011,2025-11-04,,79.99,Active
S00910,C0985,P021,2024-03-28,2025-07-06,49.99,Churned
S00911,C0901,P024,2025-12-14,2026-08-30,79.99,Churned
S00912,C0817,P028,2023-12-10,,29.99,Active
S00913,C0429,P021,2024-03-09,2025-06-26,49.99,Churned
S00914,C0576,P003,2025-07-19,,79.99,Active
S00915,C0286,P006,2025-03-07,,19.99,Active
S00916,C0441,P007,2025-02-01,,49.99,Active
S00917,C0074,P017,2025-05-11,,149.99,Active
S00918,C0071,P008,2024-11-16,,79.99,Active
S00919,C0139,P007,2025-04-30,,49.99,Active
S00920,C0229,P003,2024-11-16,,79.99,Active
S00921,C0729,P011,2023-03-21,,79.99,Active
S00922,C0688,P016,2024-10-19,,49.99,Active
S00923,C0738,P028,2023-01-13,,29.99,Active
S00924,C0414,P014,2025-09-21,,29.99,Active
S00925,C0695,P019,2023-11-08,,19.99,Active
S00926,C0887,P019,2025-07-10,,19.99,Active
S00927,C0377,P011,2024-04-13,,79.99,Active
S00928,C0257,P010,2025-11-01,,149.99,Active
S00929,C0287,P008,2023-11-06,,79.99,Active
S00930,C0692,P015,2023-06-26,2024-06-18,49.99,Churned
S00931,C0511,P018,2025-07-22,,99.99,Active
S00932,C0396,P002,2024-02-28,,29.99,Active
S00933,C0637,P015,2024-07-31,,49.99,Active
S00934,C0248,P024,2025-01-20,2026-04-20,79.99,Churned
S00935,C0511,P029,2024-04-02,,49.99,Active
S00936,C0904,P021,2024-03-14,2024-11-28,49.99,Churned
S00937,C0927,P012,2025-12-06,2026-08-25,49.99,Churned
S00938,C0816,P029,2024-12-28,,49.99,Active
S00939,C0948,P015,2025-08-01,,49.99,Active
S00940,C0816,P029,2023-10-21,2024-01-30,49.99,Churned
S00941,C0524,P002,2023-05-12,,29.99,Active
S00942,C0340,P015,2024-06-11,,49.99,Active
S00943,C0665,P029,2026-01-01,2026-08-03,49.99,Churned
S00944,C0279,P013,2023-01-29,2023-04-08,19.99,Churned
S00945,C0703,P013,2024-08-23,2025-04-17,19.99,Churned
S00946,C0841,P005,2024-10-08,2025-08-09,79.99,Churned
S00947,C0720,P003,2025-01-14,,79.99,Active
S00948,C0223,P001,2024-10-06,2025-03-21,149.99,Churned
S00949,C0179,P022,2023-11-23,,19.99,Active
S00950,C0332,P020,2023-08-03,,79.99,Active
S00951,C0277,P029,2023-04-22,,49.99,Active
S00952,C0414,P024,2024-06-19,,79.99,Active
S00953,C0897,P022,2024-01-02,,19.99,Active
S00954,C0963,P001,2024-10-12,,149.99,Active
S00955,C0144,P017,2025-05-31,,149.99,Active
S00956,C0320,P022,2025-08-10,,19.99,Active
S00957,C0046,P015,2025-10-31,2026-02-04,49.99,Churned
S00958,C0569,P006,2023-01-27,2023-09-24,19.99,Churned
S00959,C0884,P014,2024-04-09,,29.99,Active
S00960,C0932,P021,2025-02-25,2025-09-03,49.99,Churned
S00961,C0550,P015,2025-01-31,,49.99,Active
S00962,C0385,P023,2025-11-13,,79.99,Active
S00963,C0909,P024,2025-10-26,,79.99,Active
S00964,C0035,P018,2024-03-10,,99.99,Active
S00965,C0305,P018,2025-08-28,,99.99,Active
S00966,C0157,P007,2023-07-23,2024-05-17,49.99,Churned
S00967,C0441,P029,2024-02-15,,49.99,Active
S00968,C0157,P014,2024-03-30,,29.99,Active
S00969,C0263,P030,2023-02-01,,19.99,Active
S00970,C0425,P030,2023-09-07,,19.99,Active
S00971,C0799,P030,2023-04-17,,19.99,Active
S00972,C0489,P025,2023-09-24,2024-08-28,19.99,Churned
S00973,C0990,P019,2023-08-20,,19.99,Active
S00974,C0311,P003,2024-12-14,,79.99,Active
S00975,C0578,P017,2025-06-19,2025-11-19,149.99,Churned
S00976,C0173,P018,2024-05-23,,99.99,Active
S00977,C0144,P011,2025-03-24,,79.99,Active
S00978,C0066,P027,2025-12-25,,99.99,Active
S00979,C0012,P026,2024-05-04,,49.99,Active
S00980,C0078,P011,2024-05-12,2025-06-22,79.99,Churned
S00981,C0200,P023,2023-07-17,2023-10-01,79.99,Churned
S00982,C0726,P007,2025-02-08,,49.99,Active
S00983,C0762,P008,2025-11-13,,79.99,Active
S00984,C0840,P011,2024-10-24,,79.99,Active
S00985,C0652,P008,2025-09-25,2026-08-04,79.99,Churned
S00986,C0127,P023,2025-10-28,,79.99,Active
S00987,C0798,P011,2023-09-19,2024-05-10,79.99,Churned
S00988,C0371,P012,2025-11-04,,49.99,Active
S00989,C0579,P027,2023-08-03,2023-10-19,99.99,Churned
S00990,C0357,P013,2024-04-06,,19.99,Active
S00991,C0213,P019,2025-12-08,,19.99,Active
S00992,C0441,P028,2025-09-20,2026-02-10,29.99,Churned
S00993,C0825,P025,2023-10-12,,19.99,Active
S00994,C0303,P017,2023-04-01,2023-06-19,149.99,Churned
S00995,C0315,P010,2023-06-30,,149.99,Active
S00996,C0283,P011,2023-11-08,,79.99,Active
S00997,C0755,P019,2024-12-05,,19.99,Active
S00998,C0584,P030,2023-08-16,2024-11-12,19.99,Churned
S00999,C0093,P018,2024-07-18,,99.99,Active
S01000,C0686,P018,2024-07-25,,99.99,Active
S01001,C0886,P010,2025-12-06,2026-08-25,149.99,Churned
S01002,C0759,P008,2023-10-16,,79.99,Active
S01003,C0345,P018,2024-08-31,,99.99,Active
S01004,C0307,P007,2025-10-07,,49.99,Active
S01005,C0382,P024,2025-01-26,2026-04-26,79.99,Churned
S01006,C0203,P005,2024-03-08,2025-03-12,79.99,Churned
S01007,C0691,P008,2024-10-13,,79.99,Active
S01008,C0194,P003,2025-11-30,,79.99,Active
S01009,C0894,P008,2024-09-20,,79.99,Active
S01010,C0282,P012,2025-07-14,2026-01-02,49.99,Churned
S01011,C0891,P016,2023-09-04,,49.99,Active
S01012,C0034,P004,2025-10-18,,79.99,Active
S01013,C0669,P013,2024-06-30,2025-05-30,19.99,Churned
S01014,C0190,P021,2025-12-17,,49.99,Active
S01015,C0851,P019,2025-10-14,2026-02-16,19.99,Churned
S01016,C0520,P022,2024-11-18,,19.99,Active
S01017,C0458,P014,2025-10-30,,29.99,Active
S01018,C0203,P005,2025-12-14,,79.99,Active
S01019,C0703,P018,2025-09-24,,99.99,Active
S01020,C0301,P022,2024-03-13,,19.99,Active
S01021,C0844,P020,2023-11-14,,79.99,Active
S01022,C0961,P005,2025-12-06,,79.99,Active
S01023,C0834,P019,2023-09-13,,19.99,Active
S01024,C0238,P022,2025-07-26,,19.99,Active
S01025,C0124,P013,2025-05-19,,19.99,Active
S01026,C0812,P029,2025-05-11,,49.99,Active
S01027,C0108,P028,2023-08-12,,29.99,Active
S01028,C0268,P025,2025-02-06,,19.99,Active
S01029,C0022,P029,2024-04-24,,49.99,Active
S01030,C0656,P017,2023-08-18,2024-02-28,149.99,Churned
S01031,C0608,P028,2025-09-10,,29.99,Active
S01032,C0987,P028,2023-12-21,,29.99,Active
S01033,C0521,P023,2024-02-15,,79.99,Active
S01034,C0033,P029,2023-07-14,,49.99,Active
S01035,C0995,P001,2025-11-04,,149.99,Active
S01036,C0484,P005,2025-05-18,,79.99,Active
S01037,C0074,P002,2023-02-27,,29.99,Active
S01038,C0130,P005,2025-06-04,2026-06-20,79.99,Churned
S01039,C0070,P021,2025-04-07,2025-09-02,49.99,Churned
S01040,C0604,P008,2025-01-01,,79.99,Active
S01041,C0760,P016,2024-02-08,,49.99,Active
S01042,C0751,P025,2024-04-06,,19.99,Active
S01043,C0940,P018,2025-11-26,2026-08-26,99.99,Churned
S01044,C0661,P022,2025-06-21,,19.99,Active
S01045,C0350,P012,2023-06-22,2024-07-01,49.99,Churned
S01046,C0727,P027,2023-10-21,,99.99,Active
S01047,C0848,P013,2025-07-29,2026-08-21,19.99,Churned
S01048,C0791,P010,2024-07-27,,149.99,Active
S01049,C0473,P014,2024-03-08,,29.99,Active
S01050,C0580,P004,2024-11-29,,79.99,Active
S01051,C0168,P012,2025-10-03,,49.99,Active
S01052,C0735,P008,2025-12-15,2026-08-28,79.99,Churned
S01053,C0460,P023,2023-01-10,,79.99,Active
S01054,C0793,P013,2025-08-07,,19.99,Active
S01055,C0674,P029,2023-01-03,,49.99,Active
S01056,C0994,P022,2023-06-12,,19.99,Active
S01057,C0394,P018,2024-05-25,2025-07-25,99.99,Churned
S01058,C0120,P014,2025-01-30,,29.99,Active
S01059,C0636,P012,2023-04-21,2024-08-19,49.99,Churned
S01060,C0300,P010,2023-12-22,,149.99,Active
S01061,C0032,P030,2023-08-14,,19.99,Active
S01062,C0360,P028,2023-04-13,,29.99,Active
S01063,C0871,P024,2024-04-16,,79.99,Active
S01064,C0030,P017,2025-10-21,2026-01-16,149.99,Churned
S01065,C0487,P027,2025-04-12,,99.99,Active
S01066,C0215,P001,2024-09-16,2025-10-20,149.99,Churned
S01067,C0476,P009,2023-07-30,,49.99,Active
S01068,C0960,P003,2025-02-11,,79.99,Active
S01069,C0585,P009,2025-01-23,2025-09-02,49.99,Churned
S01070,C0110,P003,2024-03-16,2024-12-11,79.99,Churned
S01071,C0164,P007,2024-09-15,,49.99,Active
S01072,C0924,P011,2024-08-30,,79.99,Active
S01073,C0832,P010,2024-11-20,,149.99,Active
S01074,C0188,P001,2023-01-14,2023-04-06,149.99,Churned
S01075,C0410,P027,2025-03-13,,99.99,Active
S01076,C0808,P016,2024-08-01,2024-11-18,49.99,Churned
S01077,C0675,P025,2023-05-08,2023-07-17,19.99,Churned
S01078,C0161,P025,2023-07-08,2024-04-12,19.99,Churned
S01079,C0485,P013,2024-02-15,,19.99,Active
S01080,C0896,P030,2025-08-10,2025-11-30,19.99,Churned
S01081,C0546,P011,2023-12-09,,79.99,Active
S01082,C0118,P013,2024-08-26,,19.99,Active
S01083,C0888,P013,2023-10-08,,19.99,Active
S01084,C0636,P007,2025-03-06,2025-11-07,49.99,Churned
S01085,C0410,P012,2024-04-10,,49.99,Active
S01086,C0127,P017,2023-10-21,,149.99,Active
S01087,C0109,P018,2023-07-09,,99.99,Active
S01088,C0134,P030,2023-12-09,,19.99,Active
S01089,C0583,P018,2024-09-14,,99.99,Active
S01090,C0115,P014,2024-02-06,,29.99,Active
S01091,C0448,P013,2023-03-08,,19.99,Active
S01092,C0667,P017,2025-03-03,2026-03-30,149.99,Churned
S01093,C0885,P024,2024-04-19,,79.99,Active
S01094,C0504,P021,2024-10-09,2025-10-06,49.99,Churned
S01095,C0933,P030,2025-06-26,,19.99,Active
S01096,C0300,P022,2025-08-08,,19.99,Active
S01097,C0881,P029,2025-01-24,,49.99,Active
S01098,C0359,P020,2024-11-30,,79.99,Active
S01099,C0295,P009,2025-06-29,2026-08-06,49.99,Churned
S01100,C0180,P011,2023-03-05,,79.99,Active
S01101,C0094,P001,2025-07-16,,149.99,Active
S01102,C0654,P030,2023-06-12,,19.99,Active
S01103,C0343,P016,2025-05-19,,49.99,Active
S01104,C0565,P029,2024-09-28,,49.99,Active
S01105,C0593,P007,2023-01-28,2023-10-11,49.99,Churned
S01106,C0646,P026,2025-04-19,2025-10-19,49.99,Churned
S01107,C0421,P012,2025-05-28,2025-10-17,49.99,Churned
S01108,C0173,P022,2025-04-20,,19.99,Active
S01109,C0010,P010,2024-05-28,2025-01-24,149.99,Churned
S01110,C0776,P001,2023-05-21,,149.99,Active
S01111,C0434,P009,2023-05-02,2024-09-07,49.99,Churned
S01112,C0942,P018,2023-04-11,,99.99,Active
S01113,C0269,P030,2024-07-08,,19.99,Active
S01114,C0198,P010,2025-11-13,2026-08-12,149.99,Churned
S01115,C0703,P017,2023-02-07,,149.99,Active
S01116,C0920,P017,2024-12-25,2025-06-01,149.99,Churned
S01117,C0654,P018,2024-07-08,,99.99,Active
S01118,C0048,P016,2025-01-26,,49.99,Active
S01119,C0523,P010,2024-05-07,2025-06-27,149.99,Churned
S01120,C0417,P024,2023-01-29,,79.99,Active
S01121,C0388,P007,2024-07-17,,49.99,Active
S01122,C0794,P002,2023-11-05,2024-02-18,29.99,Churned
S01123,C0020,P025,2023-07-11,2024-08-20,19.99,Churned
S01124,C0551,P012,2025-05-01,2026-02-11,49.99,Churned
S01125,C0942,P024,2023-03-11,2023-06-30,79.99,Churned
S01126,C0709,P011,2023-08-16,2024-11-12,79.99,Churned
S01127,C0405,P001,2025-09-03,,149.99,Active
S01128,C0629,P016,2023-01-14,2023-05-24,49.99,Churned
S01129,C0050,P017,2024-02-04,,149.99,Active
S01130,C0007,P026,2025-05-05,,49.99,Active
S01131,C0882,P018,2024-03-18,,99.99,Active
S01132,C0682,P009,2024-09-18,,49.99,Active
S01133,C0246,P029,2024-07-20,,49.99,Active
S01134,C0861,P009,2024-08-04,,49.99,Active
S01135,C0295,P029,2024-09-21,,49.99,Active
S01136,C0395,P019,2025-10-18,,19.99,Active
S01137,C1000,P017,2023-01-30,,149.99,Active
S01138,C0106,P008,2024-02-07,2024-11-09,79.99,Churned
S01139,C0416,P011,2023-05-30,2023-08-14,79.99,Churned
S01140,C0821,P008,2025-02-03,2026-02-18,79.99,Churned
S01141,C0265,P018,2024-12-07,,99.99,Active
S01142,C0913,P006,2025-12-06,2026-08-12,19.99,Churned
S01143,C0231,P025,2023-05-03,2024-05-23,19.99,Churned
S01144,C0113,P005,2023-10-10,,79.99,Active
S01145,C0572,P001,2023-11-13,2024-05-29,149.99,Churned
S01146,C0846,P011,2024-08-03,2025-05-11,79.99,Churned
S01147,C0907,P017,2025-10-08,,149.99,Active
S01148,C0744,P011,2024-10-31,,79.99,Active
S01149,C0255,P024,2024-09-20,2025-09-27,79.99,Churned
S01150,C0803,P005,2024-01-21,2025-01-13,79.99,Churned
S01151,C0472,P009,2025-09-27,,49.99,Active
S01152,C0875,P014,2023-09-26,2024-02-09,29.99,Churned
S01153,C0248,P017,2024-04-02,,149.99,Active
S01154,C0674,P027,2025-10-05,,99.99,Active
S01155,C0456,P006,2025-05-23,,19.99,Active
S01156,C0721,P029,2025-11-09,,49.99,Active
S01157,C0803,P014,2025-11-11,,29.99,Active
S01158,C0680,P001,2024-11-29,,149.99,Active
S01159,C0261,P001,2023-06-22,,149.99,Active
S01160,C0110,P011,2023-12-05,,79.99,Active
S01161,C0535,P016,2025-07-22,,49.99,Active
S01162,C0483,P005,2023-09-18,,79.99,Active
S01163,C0438,P029,2024-12-02,,49.99,Active
S01164,C0583,P002,2024-02-28,,29.99,Active
S01165,C0872,P007,2023-03-26,2024-07-30,49.99,Churned
S01166,C0661,P025,2024-12-15,,19.99,Active
S01167,C0062,P013,2025-08-09,,19.99,Active
S01168,C0537,P007,2023-11-25,2024-08-14,49.99,Churned
S01169,C0663,P020,2024-04-05,,79.99,Active
S01170,C0035,P023,2024-12-20,,79.99,Active
S01171,C0261,P008,2023-06-19,2024-06-22,79.99,Churned
S01172,C0643,P026,2023-03-18,,49.99,Active
S01173,C0956,P020,2025-04-15,,79.99,Active
S01174,C0572,P026,2023-07-15,2023-10-20,49.99,Churned
S01175,C0937,P006,2024-10-23,,19.99,Active
S01176,C0643,P021,2025-01-25,,49.99,Active
S01177,C0344,P026,2023-11-29,2024-05-19,49.99,Churned
S01178,C0412,P025,2025-08-09,,19.99,Active
S01179,C0334,P016,2024-02-22,,49.99,Active
S01180,C0006,P014,2023-04-29,,29.99,Active
S01181,C0650,P008,2025-03-29,,79.99,Active
S01182,C0393,P006,2023-01-16,,19.99,Active
S01183,C0515,P030,2023-08-29,,19.99,Active
S01184,C0058,P007,2023-12-20,,49.99,Active
S01185,C0635,P021,2023-05-24,,49.99,Active
S01186,C0248,P001,2024-12-10,,149.99,Active
S01187,C0604,P029,2025-08-09,,49.99,Active
S01188,C0980,P007,2024-01-14,,49.99,Active
S01189,C0151,P006,2024-12-25,,19.99,Active
S01190,C0491,P026,2024-04-13,,49.99,Active
S01191,C0380,P009,2025-10-13,2026-08-06,49.99,Churned
S01192,C0076,P015,2024-12-23,,49.99,Active
S01193,C0495,P021,2023-11-20,2024-10-07,49.99,Churned
S01194,C0085,P003,2023-02-11,2023-09-12,79.99,Churned
S01195,C0455,P006,2024-02-10,2024-06-05,19.99,Churned
S01196,C0036,P024,2023-09-09,2024-08-29,79.99,Churned
S01197,C0670,P021,2023-07-26,,49.99,Active
S01198,C0136,P019,2025-05-04,2026-01-16,19.99,Churned
S01199,C0247,P023,2023-05-21,2024-06-23,79.99,Churned
S01200,C0257,P005,2023-02-05,2024-03-15,79.99,Churned
S01201,C0506,P018,2023-12-26,,99.99,Active
S01202,C0672,P002,2023-04-26,,29.99,Active
S01203,C0793,P007,2023-06-14,,49.99,Active
S01204,C0535,P005,2023-09-12,,79.99,Active
S01205,C0113,P007,2024-08-27,,49.99,Active
S01206,C0700,P011,2024-01-11,,79.99,Active
S01207,C0478,P018,2023-05-22,,99.99,Active
S01208,C0604,P002,2023-07-12,,29.99,Active
S01209,C0351,P015,2023-05-25,2023-09-01,49.99,Churned
S01210,C0716,P012,2023-01-05,,49.99,Active
S01211,C0370,P006,2024-10-04,,19.99,Active
S01212,C0057,P030,2023-02-13,2023-08-19,19.99,Churned
S01213,C0493,P026,2025-03-11,2026-03-03,49.99,Churned
S01214,C0507,P014,2025-10-14,2026-08-21,29.99,Churned
S01215,C0110,P004,2025-11-12,,79.99,Active
S01216,C0364,P001,2024-08-07,,149.99,Active
S01217,C0745,P015,2025-11-21,,49.99,Active
S01218,C0764,P023,2024-08-14,,79.99,Active
S01219,C0039,P024,2025-05-13,,79.99,Active
S01220,C0640,P022,2024-12-27,,19.99,Active
S01221,C0732,P022,2025-08-01,,19.99,Active
S01222,C0568,P021,2025-02-02,2025-04-04,49.99,Churned
S01223,C0779,P024,2024-08-22,2025-05-09,79.99,Churned
S01224,C0414,P025,2025-05-17,2025-12-06,19.99,Churned
S01225,C0138,P027,2023-09-19,,99.99,Active
S01226,C0492,P005,2023-06-25,,79.99,Active
S01227,C0393,P028,2024-10-17,,29.99,Active
S01228,C0814,P009,2023-06-17,,49.99,Active
S01229,C0666,P023,2024-04-08,2025-07-16,79.99,Churned
S01230,C0985,P004,2024-09-13,,79.99,Active
S01231,C0952,P004,2023-10-23,,79.99,Active
S01232,C0969,P015,2025-04-07,,49.99,Active
S01233,C0067,P006,2024-07-10,2025-03-24,19.99,Churned
S01234,C0302,P026,2023-01-17,,49.99,Active
S01235,C0238,P013,2023-06-22,2023-10-18,19.99,Churned
S01236,C0253,P015,2025-03-10,,49.99,Active
S01237,C0236,P019,2023-04-01,,19.99,Active
S01238,C0660,P026,2025-06-19,2025-11-28,49.99,Churned
S01239,C0856,P006,2023-12-30,2024-11-08,19.99,Churned
S01240,C0560,P012,2024-10-13,,49.99,Active
S01241,C0586,P019,2023-12-29,,19.99,Active
S01242,C0136,P005,2023-07-15,,79.99,Active
S01243,C0739,P004,2025-12-05,2026-05-07,79.99,Churned
S01244,C0202,P017,2025-05-14,2025-07-23,149.99,Churned
S01245,C0263,P028,2025-10-17,2026-08-20,29.99,Churned
S01246,C0993,P011,2024-10-07,2025-08-23,79.99,Churned
S01247,C0949,P011,2023-12-11,2024-10-07,79.99,Churned
S01248,C0793,P007,2025-05-03,2025-07-27,49.99,Churned
S01249,C0385,P003,2024-03-16,,79.99,Active
S01250,C0753,P023,2025-12-27,2026-08-30,79.99,Churned
S01251,C0722,P016,2025-11-18,,49.99,Active
S01252,C0725,P029,2023-01-18,,49.99,Active
S01253,C0065,P017,2023-04-10,,149.99,Active
S01254,C0850,P012,2024-01-18,,49.99,Active
S01255,C0082,P009,2025-03-15,,49.99,Active
S01256,C0573,P021,2023-01-21,,49.99,Active
S01257,C0180,P011,2023-06-12,,79.99,Active
S01258,C0330,P024,2023-01-21,2023-12-09,79.99,Churned
S01259,C0223,P018,2025-04-24,2026-06-08,99.99,Churned
S01260,C0274,P012,2023-07-31,,49.99,Active
S01261,C0150,P022,2024-10-19,,19.99,Active
S01262,C0605,P006,2023-11-23,2025-02-13,19.99,Churned
S01263,C0965,P008,2023-12-19,,79.99,Active
S01264,C0207,P024,2024-03-02,2024-10-24,79.99,Churned
S01265,C0596,P001,2023-03-16,,149.99,Active
S01266,C0399,P003,2025-07-12,,79.99,Active
S01267,C0407,P015,2024-12-14,,49.99,Active
S01268,C0166,P027,2023-11-10,2024-01-16,99.99,Churned
S01269,C0387,P001,2025-06-11,2025-12-21,149.99,Churned
S01270,C0049,P021,2024-10-25,,49.99,Active
S01271,C0172,P005,2025-03-05,2026-04-21,79.99,Churned
S01272,C0635,P004,2023-01-28,,79.99,Active
S01273,C0782,P005,2025-02-17,,79.99,Active
S01274,C0048,P025,2025-05-04,,19.99,Active
S01275,C0294,P024,2023-03-31,2024-04-04,79.99,Churned
S01276,C0218,P008,2023-08-07,,79.99,Active
S01277,C0394,P018,2023-09-20,,99.99,Active
S01278,C0955,P010,2025-08-16,,149.99,Active
S01279,C0176,P013,2025-09-18,2026-08-21,19.99,Churned
S01280,C0337,P029,2025-02-25,,49.99,Active
S01281,C0239,P003,2025-06-13,,79.99,Active
S01282,C0704,P008,2025-07-24,,79.99,Active
S01283,C0369,P009,2024-11-13,,49.99,Active
S01284,C0784,P013,2025-12-03,,19.99,Active
S01285,C0264,P029,2023-08-30,2024-11-28,49.99,Churned
S01286,C0748,P015,2024-03-27,2024-09-24,49.99,Churned
S01287,C0007,P003,2024-01-14,,79.99,Active
S01288,C0619,P015,2023-10-04,2024-10-27,49.99,Churned
S01289,C0826,P012,2025-02-14,,49.99,Active
S01290,C0351,P026,2023-11-06,,49.99,Active
S01291,C0532,P029,2024-11-20,2026-01-10,49.99,Churned
S01292,C0941,P007,2025-08-06,,49.99,Active
S01293,C0018,P010,2025-10-23,,149.99,Active
S01294,C0140,P004,2023-12-01,2024-02-29,79.99,Churned
S01295,C0874,P024,2024-06-29,,79.99,Active
S01296,C0696,P028,2025-03-06,,29.99,Active
S01297,C0439,P005,2023-09-11,,79.99,Active
S01298,C0296,P015,2023-12-29,2024-12-21,49.99,Churned
S01299,C0475,P022,2024-02-14,,19.99,Active
S01300,C0771,P020,2024-09-15,,79.99,Active
S01301,C0003,P013,2023-09-26,,19.99,Active
S01302,C0273,P022,2024-06-14,,19.99,Active
S01303,C0558,P005,2023-07-04,,79.99,Active
S01304,C0418,P010,2025-03-04,,149.99,Active
S01305,C0913,P015,2025-08-10,,49.99,Active
S01306,C0965,P025,2025-07-19,,19.99,Active
S01307,C0057,P023,2023-03-27,,79.99,Active
S01308,C0192,P028,2025-03-04,,29.99,Active
S01309,C0717,P024,2024-08-08,,79.99,Active
S01310,C0325,P020,2025-11-03,,79.99,Active
S01311,C0827,P030,2025-04-03,,19.99,Active
S01312,C0906,P030,2023-03-19,,19.99,Active
S01313,C0032,P005,2025-08-28,,79.99,Active
S01314,C0830,P005,2025-05-16,,79.99,Active
S01315,C0366,P025,2025-10-23,2026-04-30,19.99,Churned
S01316,C0465,P004,2025-12-06,,79.99,Active
S01317,C0728,P027,2023-06-07,,99.99,Active
S01318,C0247,P015,2023-02-02,,49.99,Active
S01319,C0793,P022,2025-06-15,,19.99,Active
S01320,C0119,P026,2025-02-04,,49.99,Active
S01321,C0692,P014,2025-07-23,2026-07-19,29.99,Churned
S01322,C0063,P009,2023-08-27,2024-12-27,49.99,Churned
S01323,C0223,P020,2023-04-10,,79.99,Active
S01324,C0392,P027,2025-06-16,,99.99,Active
S01325,C0262,P030,2024-10-31,,19.99,Active
S01326,C0909,P025,2025-03-06,,19.99,Active
S01327,C0214,P023,2023-02-02,,79.99,Active
S01328,C0827,P019,2023-03-29,,19.99,Active
S01329,C0520,P028,2024-05-22,2025-01-12,29.99,Churned
S01330,C0315,P014,2023-04-12,2023-10-16,29.99,Churned
S01331,C0329,P017,2025-08-21,,149.99,Active
S01332,C0361,P028,2023-05-03,,29.99,Active
S01333,C0708,P011,2025-02-14,,79.99,Active
S01334,C0608,P001,2023-03-14,,149.99,Active
S01335,C0090,P013,2024-05-12,,19.99,Active
S01336,C0993,P015,2023-04-09,,49.99,Active
S01337,C0021,P028,2024-07-20,2025-08-30,29.99,Churned
S01338,C0367,P028,2024-07-28,2025-07-03,29.99,Churned
S01339,C0193,P001,2024-04-28,2025-06-29,149.99,Churned
S01340,C0554,P028,2024-06-25,2025-03-22,29.99,Churned
S01341,C0317,P006,2024-02-11,,19.99,Active
S01342,C0604,P010,2024-10-17,,149.99,Active
S01343,C0142,P011,2024-12-14,,79.99,Active
S01344,C0217,P021,2024-12-31,,49.99,Active
S01345,C0195,P023,2024-09-15,2025-01-08,79.99,Churned
S01346,C0433,P021,2025-04-03,,49.99,Active
S01347,C0031,P024,2024-05-28,,79.99,Active
S01348,C0854,P004,2025-09-12,,79.99,Active
S01349,C0208,P001,2023-04-13,,149.99,Active
S01350,C0598,P025,2023-01-30,,19.99,Active
S01351,C0527,P028,2024-12-29,,29.99,Active
S01352,C0384,P004,2025-11-11,,79.99,Active
S01353,C0223,P025,2024-10-21,,19.99,Active
S01354,C0117,P012,2023-08-08,2024-06-07,49.99,Churned
S01355,C0378,P010,2025-12-18,,149.99,Active
S01356,C0521,P008,2025-02-27,2026-06-15,79.99,Churned
S01357,C0730,P011,2023-08-10,,79.99,Active
S01358,C0314,P025,2025-09-27,2026-05-12,19.99,Churned
S01359,C0012,P011,2025-03-22,,79.99,Active
S01360,C0498,P002,2024-04-22,2024-08-24,29.99,Churned
S01361,C0156,P005,2024-09-16,,79.99,Active
S01362,C0817,P026,2024-10-22,2025-09-15,49.99,Churned
S01363,C0788,P027,2025-12-18,2026-07-19,99.99,Churned
S01364,C0473,P029,2025-02-02,,49.99,Active
S01365,C0258,P012,2023-11-06,,49.99,Active
S01366,C0036,P003,2023-02-16,,79.99,Active
S01367,C0735,P004,2024-10-08,,79.99,Active
S01368,C0412,P021,2023-05-01,,49.99,Active
S01369,C0496,P023,2023-12-14,,79.99,Active
S01370,C0606,P014,2023-02-04,,29.99,Active
S01371,C0944,P002,2025-01-13,,29.99,Active
S01372,C0987,P022,2024-05-23,,19.99,Active
S01373,C0239,P002,2024-02-09,,29.99,Active
S01374,C0126,P011,2024-02-25,,79.99,Active
S01375,C0351,P006,2025-12-05,,19.99,Active
S01376,C0050,P028,2025-03-29,,29.99,Active
S01377,C0462,P009,2023-09-11,,49.99,Active
S01378,C0047,P010,2025-08-16,,149.99,Active
S01379,C0866,P030,2024-09-28,,19.99,Active
S01380,C0214,P012,2025-10-27,,49.99,Active
S01381,C0613,P028,2023-06-28,,29.99,Active
S01382,C0279,P006,2024-02-17,,19.99,Active
S01383,C0678,P008,2023-06-26,2024-10-21,79.99,Churned
S01384,C0998,P004,2024-06-20,,79.99,Active
S01385,C0577,P024,2024-01-06,,79.99,Active
S01386,C0037,P019,2023-04-20,,19.99,Active
S01387,C0740,P030,2023-09-08,2024-10-03,19.99,Churned
S01388,C0481,P023,2025-05-05,2026-03-28,79.99,Churned
S01389,C0477,P020,2024-11-05,,79.99,Active
S01390,C0465,P029,2024-07-26,,49.99,Active
S01391,C0706,P015,2023-08-29,,49.99,Active
S01392,C0147,P009,2023-09-27,,49.99,Active
S01393,C0740,P015,2024-05-31,2024-10-09,49.99,Churned
S01394,C0746,P014,2023-12-04,,29.99,Active
S01395,C0353,P024,2025-07-16,,79.99,Active
S01396,C0930,P013,2023-10-07,2024-03-23,19.99,Churned
S01397,C0010,P029,2025-05-02,,49.99,Active
S01398,C0381,P013,2023-05-01,,19.99,Active
S01399,C0796,P023,2025-09-09,2026-08-31,79.99,Churned
S01400,C0785,P022,2023-06-28,2024-09-18,19.99,Churned
S01401,C0328,P003,2024-01-02,,79.99,Active
S01402,C0381,P002,2025-12-13,2026-08-31,29.99,Churned
S01403,C0776,P024,2025-05-09,,79.99,Active
S01404,C0930,P002,2024-12-06,,29.99,Active
S01405,C0793,P024,2025-09-27,,79.99,Active
S01406,C0245,P010,2024-01-13,,149.99,Active
S01407,C0361,P004,2025-05-16,2025-07-17,79.99,Churned
S01408,C0296,P027,2024-06-27,,99.99,Active
S01409,C0763,P008,2025-11-25,,79.99,Active
S01410,C0375,P015,2024-06-01,,49.99,Active
S01411,C0398,P019,2023-07-07,,19.99,Active
S01412,C0829,P001,2024-01-13,,149.99,Active
S01413,C0899,P024,2023-12-20,,79.99,Active
S01414,C0826,P011,2024-08-16,2025-02-10,79.99,Churned
S01415,C0392,P019,2024-04-17,2024-12-24,19.99,Churned
S01416,C0114,P022,2025-02-15,2025-10-05,19.99,Churned
S01417,C0151,P006,2025-02-24,,19.99,Active
S01418,C0735,P026,2024-06-22,2025-09-24,49.99,Churned
S01419,C0251,P002,2025-03-08,2026-04-05,29.99,Churned
S01420,C0103,P019,2025-02-13,,19.99,Active
S01421,C0601,P021,2025-07-30,,49.99,Active
S01422,C0405,P010,2025-12-17,2026-08-25,149.99,Churned
S01423,C0992,P014,2024-06-08,,29.99,Active
S01424,C0195,P015,2023-07-28,2023-11-10,49.99,Churned
S01425,C0070,P017,2025-11-22,,149.99,Active
S01426,C0405,P029,2024-03-21,2025-05-07,49.99,Churned
S01427,C0704,P003,2023-04-01,,79.99,Active
S01428,C0532,P012,2025-04-21,2025-08-03,49.99,Churned
S01429,C0131,P020,2024-07-13,2024-10-22,79.99,Churned
S01430,C0870,P012,2023-04-28,,49.99,Active
S01431,C0245,P013,2023-01-15,,19.99,Active
S01432,C0546,P026,2024-09-10,,49.99,Active
S01433,C0929,P028,2024-12-07,,29.99,Active
S01434,C0672,P017,2023-04-26,,149.99,Active
S01435,C0255,P024,2023-07-08,2024-03-08,79.99,Churned
S01436,C0887,P025,2024-01-06,2024-05-01,19.99,Churned
S01437,C0096,P004,2025-03-25,,79.99,Active
S01438,C0435,P005,2023-12-30,,79.99,Active
S01439,C0679,P023,2024-08-06,,79.99,Active
S01440,C0959,P002,2024-07-18,,29.99,Active
S01441,C0052,P002,2024-11-17,,29.99,Active
S01442,C0979,P012,2023-01-27,,49.99,Active
S01443,C0613,P005,2025-06-30,,79.99,Active
S01444,C0804,P017,2023-01-02,,149.99,Active
S01445,C0579,P006,2023-03-01,,19.99,Active
S01446,C0584,P026,2024-01-23,,49.99,Active
S01447,C0201,P001,2024-09-26,,149.99,Active
S01448,C0305,P026,2025-12-11,,49.99,Active
S01449,C0699,P002,2025-05-04,,29.99,Active
S01450,C0692,P011,2025-01-20,,79.99,Active
S01451,C0727,P006,2023-12-08,2024-03-05,19.99,Churned
S01452,C0649,P018,2024-10-28,,99.99,Active
S01453,C0740,P009,2023-06-19,,49.99,Active
S01454,C0447,P017,2024-07-18,2024-10-01,149.99,Churned
S01455,C0263,P012,2025-02-11,2026-05-28,49.99,Churned
S01456,C0766,P002,2025-04-27,2026-08-30,29.99,Churned
S01457,C0085,P003,2025-02-05,2025-11-29,79.99,Churned
S01458,C0574,P026,2023-08-28,2023-11-05,49.99,Churned
S01459,C0175,P005,2024-01-05,,79.99,Active
S01460,C0853,P014,2024-01-29,,29.99,Active
S01461,C0419,P015,2025-10-17,,49.99,Active
S01462,C0749,P016,2025-08-13,2026-08-24,49.99,Churned
S01463,C0240,P030,2023-01-15,,19.99,Active
S01464,C0414,P026,2023-10-04,,49.99,Active
S01465,C0553,P006,2025-03-26,,19.99,Active
S01466,C0346,P017,2025-08-19,2026-08-03,149.99,Churned
S01467,C0668,P006,2025-01-01,,19.99,Active
S01468,C0429,P016,2024-12-18,,49.99,Active
S01469,C0464,P010,2024-11-02,,149.99,Active
S01470,C0716,P004,2024-02-29,,79.99,Active
S01471,C0702,P020,2024-01-12,,79.99,Active
S01472,C0053,P008,2024-11-03,2026-03-01,79.99,Churned
S01473,C0779,P017,2025-06-03,2026-01-25,149.99,Churned
S01474,C0639,P016,2024-04-21,,49.99,Active
S01475,C0976,P015,2023-02-07,,49.99,Active
S01476,C0406,P007,2023-11-10,2024-09-30,49.99,Churned
S01477,C0548,P005,2023-09-24,,79.99,Active
S01478,C0441,P011,2025-07-06,,79.99,Active
S01479,C0715,P007,2025-04-17,,49.99,Active
S01480,C0586,P029,2025-04-29,,49.99,Active
S01481,C0904,P009,2024-08-13,,49.99,Active
S01482,C0755,P017,2023-07-15,,149.99,Active
S01483,C0179,P029,2024-07-30,,49.99,Active
S01484,C0706,P015,2025-02-20,,49.99,Active
S01485,C0144,P017,2025-01-17,,149.99,Active
S01486,C0527,P012,2024-01-18,2024-08-10,49.99,Churned
S01487,C0251,P019,2025-05-31,,19.99,Active
S01488,C0096,P016,2023-03-15,,49.99,Active
S01489,C0138,P002,2023-07-16,,29.99,Active
S01490,C0382,P030,2024-02-29,,19.99,Active
S01491,C0878,P004,2023-10-29,,79.99,Active
S01492,C0384,P030,2023-08-09,,19.99,Active
S01493,C0236,P025,2024-11-13,,19.99,Active
S01494,C0594,P007,2024-09-24,,49.99,Active
S01495,C0671,P005,2023-01-22,,79.99,Active
S01496,C0916,P011,2023-11-14,,79.99,Active
S01497,C0976,P027,2025-04-10,,99.99,Active
S01498,C0987,P022,2025-11-06,,19.99,Active
S01499,C0967,P029,2026-01-03,,49.99,Active
S01500,C0603,P023,2025-12-08,,79.99,Active
